<?xml version="1.0" encoding="utf-8"?><feed xmlns="http://www.w3.org/2005/Atom" ><generator uri="https://jekyllrb.com/" version="4.3.4">Jekyll</generator><link href="http://localhost:4001/feed.xml" rel="self" type="application/atom+xml" /><link href="http://localhost:4001/" rel="alternate" type="text/html" /><updated>2025-09-17T00:48:27+02:00</updated><id>http://localhost:4001/feed.xml</id><title type="html">evil1.org - Where Souls Are Sold</title><subtitle>Exposing corporate evil and capitalist exploitation through satirical social networking.  A platform documenting how capitalism systematically destroys human decency and exploits society.</subtitle></feed>